{
  "thetas": [
    -0.046652017764803586,
    0.26179938779914946,
    0.4926315070325527,
    -0.1280893382051572,
    -0.8594147842935003,
    -1.8675022996339325
  ],
  "gripper_angle": 83,
  "timestamp": "2025-11-27T20:38:36.111896"
}